{"stats":{"minecraft:killed_by":{"minecraft:creeper":1,"minecraft:zombie":1},"minecraft:broken":{"minecraft:iron_pickaxe":1},"minecraft:picked_up":{"minecraft:wooden_axe":1,"minecraft:iron_chestplate":2,"minecraft:crafting_table":13,"minecraft:chicken":1,"minecraft:clay_ball":4,"minecraft:wooden_pickaxe":3,"minecraft:shield":1,"minecraft:string":6,"minecraft:moss_carpet":1,"minecraft:iron_axe":1,"minecraft:iron_leggings":2,"minecraft:cobbled_deepslate":110,"minecraft:azalea":29,"minecraft:iron_pickaxe":2,"minecraft:egg":3,"minecraft:iron_boots":2,"minecraft:furnace":6,"minecraft:stick":14,"minecraft:raw_iron":353,"minecraft:diorite":10,"minecraft:arrow":28,"minecraft:rotten_flesh":51,"minecraft:glow_berries":1,"minecraft:mutton":5,"minecraft:cobblestone":201,"minecraft:birch_log":4,"minecraft:magma_block":4,"minecraft:cooked_beef":2,"minecraft:andesite":23,"minecraft:smoker":3,"minecraft:potato":2,"minecraft:flint":2,"minecraft:tuff":13,"minecraft:oak_log":19,"minecraft:gunpowder":10,"minecraft:dirt":19,"minecraft:cooked_mutton":9,"minecraft:bone":20,"minecraft:stonecutter":1,"minecraft:bow":1,"minecraft:wheat_seeds":6,"minecraft:stone_pickaxe":1,"minecraft:iron_ingot":3,"minecraft:moss_block":7,"minecraft:oak_planks":46,"minecraft:iron_sword":2,"minecraft:flowering_azalea":13,"minecraft:sweet_berries":2,"minecraft:raw_iron_block":3,"minecraft:gravel":2,"minecraft:blast_furnace":4,"minecraft:spider_eye":1,"minecraft:diamond":53,"minecraft:stone_axe":2,"minecraft:iron_helmet":2,"minecraft:granite":6,"minecraft:bone_meal":6,"minecraft:bread":8,"minecraft:coal":166,"minecraft:ender_pearl":1},"minecraft:custom":{"minecraft:mob_kills":64,"minecraft:interact_with_crafting_table":26,"minecraft:leave_game":10,"minecraft:time_since_death":20616,"minecraft:climb_one_cm":916,"minecraft:sprint_one_cm":255193,"minecraft:walk_one_cm":245706,"minecraft:damage_blocked_by_shield":1163,"minecraft:drop":85,"minecraft:talked_to_villager":3,"minecraft:play_time":119307,"minecraft:deaths":3,"minecraft:sneak_time":9315,"minecraft:walk_under_water_one_cm":11895,"minecraft:jump":1966,"minecraft:interact_with_blast_furnace":39,"minecraft:walk_on_water_one_cm":4263,"minecraft:total_world_time":119307,"minecraft:interact_with_furnace":17,"minecraft:sleep_in_bed":1,"minecraft:time_since_rest":6926,"minecraft:damage_taken":2429,"minecraft:damage_dealt":12039,"minecraft:swim_one_cm":61369,"minecraft:fly_one_cm":281357,"minecraft:open_chest":39,"minecraft:crouch_one_cm":17862,"minecraft:interact_with_smoker":10,"minecraft:fall_one_cm":58289},"minecraft:dropped":{"minecraft:bread":3,"minecraft:iron_ingot":2,"minecraft:moss_block":1,"minecraft:wheat_seeds":5,"minecraft:diamond":19,"minecraft:crafting_table":2,"minecraft:cobblestone":28,"minecraft:granite":6,"minecraft:stick":8,"minecraft:flint":1,"minecraft:dirt":6,"minecraft:diorite":3,"minecraft:wooden_axe":1,"minecraft:bone_meal":6,"minecraft:flowering_azalea":6,"minecraft:gravel":1,"minecraft:stone_axe":3,"minecraft:moss_carpet":1,"minecraft:sweet_berries":2,"minecraft:tuff":1,"minecraft:raw_iron":42,"minecraft:rotten_flesh":4,"minecraft:clay_ball":4,"minecraft:gunpowder":5,"minecraft:andesite":11,"minecraft:azalea":14,"minecraft:spider_eye":1,"minecraft:stone_pickaxe":3,"minecraft:wooden_pickaxe":3,"minecraft:magma_block":1},"minecraft:killed":{"minecraft:spider":5,"minecraft:skeleton":11,"minecraft:chicken":1,"minecraft:zombie_villager":1,"minecraft:creeper":1,"minecraft:zombie":41,"minecraft:enderman":1},"minecraft:crafted":{"minecraft:oak_planks":76,"minecraft:raw_iron":27,"minecraft:cooked_chicken":1,"minecraft:furnace":4,"minecraft:bone_meal":15,"minecraft:cooked_mutton":5,"minecraft:bow":1,"minecraft:iron_axe":1,"minecraft:stone_pickaxe":2,"minecraft:chest":2,"minecraft:smoker":1,"minecraft:crafting_table":2,"minecraft:wooden_pickaxe":1,"minecraft:baked_potato":1,"minecraft:iron_sword":1,"minecraft:stone_axe":2,"minecraft:air":0,"minecraft:shield":1,"minecraft:stick":20,"minecraft:iron_ingot":163,"minecraft:iron_pickaxe":2,"minecraft:iron_block":24},"minecraft:used":{"minecraft:moss_block":5,"minecraft:chest":2,"minecraft:shield":41,"minecraft:iron_sword":204,"minecraft:cooked_chicken":1,"minecraft:rotten_flesh":44,"minecraft:iron_chestplate":1,"minecraft:dirt":8,"minecraft:tuff":11,"minecraft:iron_axe":7,"minecraft:iron_helmet":2,"minecraft:iron_boots":1,"minecraft:magma_block":2,"minecraft:bow":1,"minecraft:furnace":7,"minecraft:egg":3,"minecraft:cooked_beef":2,"minecraft:cobbled_deepslate":59,"minecraft:iron_leggings":1,"minecraft:cooked_mutton":5,"minecraft:diorite":4,"minecraft:stone_pickaxe":106,"minecraft:baked_potato":1,"minecraft:oak_planks":4,"minecraft:wooden_pickaxe":10,"minecraft:glow_berries":1,"minecraft:crafting_table":10,"minecraft:blast_furnace":5,"minecraft:smoker":3,"minecraft:bread":5,"minecraft:iron_pickaxe":466,"minecraft:stone_axe":63,"minecraft:cobblestone":120,"minecraft:andesite":1,"minecraft:bone_meal":9},"minecraft:mined":{"minecraft:diamond_ore":2,"minecraft:tuff":12,"minecraft:deepslate_diamond_ore":29,"minecraft:granite":6,"minecraft:grass_block":3,"minecraft:spruce_leaves":4,"minecraft:moss_block":9,"minecraft:magma_block":3,"minecraft:raw_iron_block":3,"minecraft:furnace":5,"minecraft:iron_ore":92,"minecraft:cobbled_deepslate":29,"minecraft:andesite":12,"minecraft:moss_carpet":2,"minecraft:flowering_azalea_leaves":4,"minecraft:deepslate_iron_ore":98,"minecraft:azalea_leaves":9,"minecraft:azalea":11,"minecraft:stone":128,"minecraft:flowering_azalea":3,"minecraft:smoker":2,"minecraft:clay":1,"minecraft:crafting_table":10,"minecraft:short_grass":28,"minecraft:blast_furnace":4,"minecraft:tall_grass":9,"minecraft:cobblestone":8,"minecraft:oak_planks":1,"minecraft:diorite":7,"minecraft:birch_log":4,"minecraft:sweet_berry_bush":1,"minecraft:birch_leaves":1,"minecraft:oak_log":19,"minecraft:coal_ore":41,"minecraft:dirt":10,"minecraft:gravel":2,"minecraft:oak_leaves":6,"minecraft:deepslate":60}},"DataVersion":3700}