{"stats":{"minecraft:crafted":{"minecraft:oak_planks":228,"create:steam_engine":1,"create:vertical_gearbox":4,"minecraft:diamond_helmet":2,"minecraft:diamond_leggings":2,"minecraft:iron_hoe":1,"minecraft:chest":1,"minecraft:diamond_boots":2,"minecraft:copper_block":1,"create:cogwheel":13,"minecraft:wheat":864,"minecraft:oak_slab":60,"create:depot":1,"minecraft:crafting_table":3,"create:large_water_wheel":3,"minecraft:bread":288,"minecraft:air":0,"create:gearbox":5,"minecraft:oak_boat":4,"create:water_wheel":3,"minecraft:shield":2,"minecraft:stick":16,"minecraft:iron_pickaxe":1,"minecraft:iron_ingot":9,"minecraft:torch":48,"create:zinc_ingot":17,"minecraft:diamond_chestplate":2},"minecraft:custom":{"minecraft:mob_kills":39,"minecraft:interact_with_crafting_table":36,"minecraft:bell_ring":6,"minecraft:leave_game":4,"minecraft:time_since_death":93946,"minecraft:sprint_one_cm":354937,"minecraft:walk_one_cm":370273,"minecraft:damage_blocked_by_shield":310,"minecraft:drop":82,"minecraft:talked_to_villager":14,"minecraft:play_time":188808,"minecraft:deaths":1,"minecraft:sneak_time":7456,"minecraft:walk_under_water_one_cm":17523,"minecraft:boat_one_cm":247492,"minecraft:jump":2035,"minecraft:interact_with_blast_furnace":6,"minecraft:walk_on_water_one_cm":33875,"minecraft:total_world_time":188808,"minecraft:interact_with_furnace":1,"minecraft:interact_with_stonecutter":4,"minecraft:sleep_in_bed":17,"minecraft:time_since_rest":595,"minecraft:damage_taken":1597,"minecraft:damage_dealt":5687,"minecraft:swim_one_cm":1237,"minecraft:fly_one_cm":447177,"minecraft:open_chest":139,"minecraft:crouch_one_cm":17267,"minecraft:interact_with_smoker":7,"minecraft:fall_one_cm":50696},"minecraft:used":{"minecraft:oak_fence":5,"minecraft:chest":3,"minecraft:shield":6,"minecraft:white_terracotta":2,"minecraft:iron_sword":175,"minecraft:torch":49,"create:fluid_tank":6,"create:mechanical_pump":3,"minecraft:dirt":4,"create:cogwheel":8,"minecraft:diamond_helmet":1,"minecraft:deepslate_brick_slab":6,"create:depot":1,"minecraft:oak_fence_gate":3,"minecraft:iron_hoe":180,"create:wrench":12,"create:gearbox":6,"minecraft:iron_axe":190,"minecraft:bow":15,"create:steam_engine":1,"create:shaft":22,"minecraft:oak_sapling":14,"minecraft:furnace":2,"create:fluid_pipe":11,"minecraft:egg":2,"minecraft:cobbled_deepslate":5,"minecraft:cooked_mutton":5,"minecraft:water_bucket":78,"minecraft:oak_planks":176,"minecraft:ender_pearl":2,"minecraft:cauldron":1,"minecraft:stonecutter":2,"minecraft:deepslate_bricks":91,"minecraft:golden_hoe":36,"minecraft:oak_slab":73,"minecraft:crafting_table":5,"minecraft:blast_furnace":1,"minecraft:white_bed":7,"minecraft:smoker":1,"minecraft:oak_log":5,"minecraft:cornflower":1,"create:mechanical_press":5,"minecraft:bread":33,"minecraft:iron_pickaxe":429,"create:andesite_casing":1,"create:large_water_wheel":9,"minecraft:andesite":156,"minecraft:bucket":77,"create:hand_crank":2,"minecraft:yellow_bed":5,"minecraft:oak_boat":12,"minecraft:stripped_oak_log":2,"create:vertical_gearbox":15,"create:large_cogwheel":11},"minecraft:killed":{"minecraft:spider":7,"minecraft:horse":1,"minecraft:skeleton":8,"minecraft:chicken":3,"minecraft:creeper":1,"minecraft:sheep":5,"minecraft:zombie":7,"minecraft:cow":6},"minecraft:picked_up":{"create:copper_sheet":16,"minecraft:crafting_table":4,"minecraft:iron_chestplate":2,"minecraft:chicken":3,"minecraft:oak_stairs":1,"create:wrench":1,"minecraft:gold_block":1,"minecraft:enchanted_book":1,"minecraft:stone_brick_stairs":1,"minecraft:shield":2,"minecraft:cornflower":2,"minecraft:string":14,"create:fluid_pipe":27,"minecraft:raw_copper":6,"minecraft:iron_axe":2,"minecraft:iron_leggings":1,"minecraft:deepslate_tiles":4,"minecraft:diamond_leggings":1,"create:mechanical_press":4,"minecraft:cobbled_deepslate":16,"minecraft:bucket":1,"minecraft:beef":13,"minecraft:oak_boat":8,"minecraft:iron_pickaxe":2,"minecraft:lectern":4,"minecraft:chest":2,"minecraft:iron_boots":2,"minecraft:egg":4,"minecraft:stick":11,"create:golden_sheet":2,"minecraft:copper_ingot":126,"minecraft:oak_fence":13,"minecraft:torch":4,"create:andesite_casing":12,"create:hand_crank":3,"minecraft:cauldron":5,"create:vertical_gearbox":13,"create:large_cogwheel":11,"minecraft:arrow":23,"minecraft:rotten_flesh":16,"minecraft:diamond_chestplate":2,"minecraft:diamond_boots":2,"minecraft:deepslate_bricks":55,"minecraft:hay_block":96,"create:asurine":44,"minecraft:gold_ingot":1,"minecraft:white_terracotta":2,"minecraft:mutton":7,"minecraft:white_wool":4,"minecraft:cobblestone":38,"minecraft:oxeye_daisy":1,"minecraft:stripped_oak_log":6,"create:iron_sheet":1,"minecraft:feather":8,"minecraft:cooked_beef":19,"create:fluid_tank":11,"minecraft:water_bucket":2,"minecraft:andesite":244,"minecraft:leather":10,"minecraft:potato":2,"create:raw_zinc":76,"minecraft:oak_log":62,"create:andesite_alloy":5,"minecraft:yellow_bed":7,"minecraft:gunpowder":1,"minecraft:dirt":10,"minecraft:name_tag":1,"minecraft:cooked_mutton":4,"minecraft:bone":22,"minecraft:apple":3,"minecraft:stonecutter":2,"minecraft:bow":3,"minecraft:wheat_seeds":23,"minecraft:deepslate_brick_slab":5,"minecraft:oak_fence_gate":3,"minecraft:iron_ingot":5,"create:goggles":1,"create:shaft":121,"minecraft:fletching_table":2,"minecraft:diamond_helmet":2,"minecraft:iron_sword":2,"minecraft:oak_planks":206,"minecraft:oak_slab":36,"create:large_water_wheel":6,"create:cogwheel":8,"minecraft:dandelion":2,"minecraft:white_bed":8,"minecraft:spider_eye":1,"create:gearbox":6,"minecraft:iron_hoe":1,"minecraft:diamond":1,"create:mechanical_pump":3,"minecraft:iron_helmet":1,"minecraft:gray_wool":1,"minecraft:bread":132,"minecraft:oak_sapling":10,"minecraft:netherrack":4,"minecraft:coal":18,"minecraft:ender_pearl":7},"minecraft:dropped":{"minecraft:enchanted_book":1,"minecraft:water_bucket":1,"minecraft:iron_ingot":2,"minecraft:iron_sword":1,"minecraft:wheat_seeds":23,"minecraft:cooked_beef":19,"minecraft:ender_pearl":5,"minecraft:diamond":1,"minecraft:diamond_leggings":1,"minecraft:feather":6,"create:cogwheel":1,"minecraft:copper_ingot":63,"minecraft:stick":4,"minecraft:oxeye_daisy":1,"create:andesite_casing":8,"minecraft:dirt":2,"create:fluid_pipe":9,"minecraft:torch":3,"minecraft:cornflower":1,"minecraft:mutton":7,"minecraft:diamond_helmet":2,"create:goggles":1,"minecraft:iron_axe":1,"create:large_cogwheel":1,"minecraft:iron_pickaxe":1,"minecraft:string":5,"create:raw_zinc":102,"minecraft:dandelion":2,"minecraft:cauldron":4,"minecraft:gold_ingot":4,"minecraft:bone":1,"minecraft:furnace":1,"create:shaft":63,"minecraft:cobbled_deepslate":14,"minecraft:raw_copper":6,"minecraft:chicken":3,"minecraft:rotten_flesh":11,"minecraft:oak_planks":58,"minecraft:iron_boots":1,"minecraft:stripped_oak_log":1,"minecraft:name_tag":1,"create:copper_sheet":13,"minecraft:blast_furnace":1,"minecraft:deepslate_bricks":32,"minecraft:deepslate_tiles":4,"minecraft:shield":2,"minecraft:gunpowder":1,"minecraft:diamond_chestplate":2,"minecraft:iron_chestplate":1,"minecraft:yellow_bed":1,"minecraft:oak_sapling":1,"minecraft:spider_eye":1,"minecraft:diamond_boots":2,"minecraft:bow":2,"minecraft:netherrack":2,"create:golden_sheet":2},"minecraft:broken":{"minecraft:golden_hoe":1,"minecraft:iron_pickaxe":1},"minecraft:mined":{"create:deepslate_zinc_ore":2,"minecraft:white_bed":5,"create:andesite_casing":2,"create:fluid_tank":6,"minecraft:grass_block":1,"create:large_cogwheel":10,"minecraft:deepslate_bricks":23,"create:powered_shaft":2,"minecraft:hay_block":96,"minecraft:deepslate_brick_slab":5,"create:shaft":17,"minecraft:cobbled_deepslate":2,"minecraft:fire":5,"minecraft:andesite":237,"minecraft:fletching_table":2,"minecraft:gold_block":1,"create:asurine":24,"minecraft:water_cauldron":4,"minecraft:oak_stairs":1,"minecraft:stripped_oak_log":6,"minecraft:stone":18,"create:mechanical_press":3,"create:cogwheel":6,"minecraft:oak_slab":33,"minecraft:glass_pane":1,"minecraft:oak_fence":13,"minecraft:crafting_table":3,"create:fluid_pipe":12,"minecraft:torch":1,"create:mechanical_pump":4,"minecraft:chest":1,"minecraft:tall_grass":4,"minecraft:copper_ore":3,"minecraft:cobblestone":3,"minecraft:oak_planks":40,"minecraft:cauldron":1,"create:large_water_wheel":1,"minecraft:white_terracotta":4,"create:glass_fluid_pipe":1,"create:gearbox":17,"minecraft:yellow_bed":8,"minecraft:stone_brick_stairs":1,"minecraft:grass":141,"minecraft:oak_log":60,"minecraft:coal_ore":15,"minecraft:oak_fence_gate":3,"minecraft:dirt":8,"minecraft:stonecutter":2,"minecraft:netherrack":2,"minecraft:oak_leaves":114}},"DataVersion":3465}