{"stats":{"minecraft:killed":{"minecraft:skeleton":3,"minecraft:zombie":6},"minecraft:killed_by":{"minecraft:creeper":1},"minecraft:crafted":{"minecraft:oak_planks":20,"minecraft:crafting_table":2,"minecraft:wooden_pickaxe":1,"minecraft:iron_sword":1,"minecraft:furnace":3,"minecraft:stone_axe":2,"minecraft:cooked_mutton":5,"minecraft:air":0,"minecraft:stick":12,"minecraft:iron_ingot":6,"minecraft:iron_pickaxe":1,"minecraft:stone_pickaxe":1,"minecraft:smoker":1},"minecraft:mined":{"minecraft:tuff":1,"minecraft:flowering_azalea":1,"minecraft:deepslate_diamond_ore":17,"minecraft:smoker":1,"minecraft:crafting_table":5,"minecraft:short_grass":5,"minecraft:blast_furnace":2,"minecraft:grass_block":2,"minecraft:tall_grass":1,"minecraft:cobblestone":2,"minecraft:diorite":4,"minecraft:furnace":3,"minecraft:birch_log":4,"minecraft:iron_ore":15,"minecraft:cobbled_deepslate":17,"minecraft:birch_leaves":1,"minecraft:andesite":1,"minecraft:coal_ore":33,"minecraft:oak_log":5,"minecraft:deepslate_iron_ore":41,"minecraft:gravel":1,"minecraft:dirt":5,"minecraft:azalea":2,"minecraft:stone":36,"minecraft:oak_leaves":6,"minecraft:deepslate":40},"minecraft:dropped":{"minecraft:bread":3,"minecraft:iron_ingot":2,"minecraft:stone_axe":2,"minecraft:wheat_seeds":1,"minecraft:diamond":19,"minecraft:raw_iron":42,"minecraft:cobblestone":19,"minecraft:rotten_flesh":3,"minecraft:stone_pickaxe":2,"minecraft:wooden_pickaxe":1},"minecraft:custom":{"minecraft:interact_with_furnace":9,"minecraft:mob_kills":10,"minecraft:interact_with_crafting_table":11,"minecraft:leave_game":4,"minecraft:time_since_death":14564,"minecraft:time_since_rest":14592,"minecraft:sprint_one_cm":99345,"minecraft:damage_taken":1002,"minecraft:walk_one_cm":81468,"minecraft:drop":47,"minecraft:damage_dealt":1966,"minecraft:fly_one_cm":99020,"minecraft:crouch_one_cm":9227,"minecraft:play_time":46815,"minecraft:deaths":1,"minecraft:sneak_time":3906,"minecraft:jump":722,"minecraft:interact_with_blast_furnace":8,"minecraft:walk_on_water_one_cm":1821,"minecraft:total_world_time":46815,"minecraft:interact_with_smoker":6,"minecraft:fall_one_cm":29949},"minecraft:used":{"minecraft:cooked_mutton":5,"minecraft:diorite":4,"minecraft:stone_pickaxe":64,"minecraft:wooden_pickaxe":10,"minecraft:rotten_flesh":7,"minecraft:iron_chestplate":1,"minecraft:dirt":7,"minecraft:crafting_table":5,"minecraft:blast_furnace":3,"minecraft:tuff":1,"minecraft:smoker":2,"minecraft:bread":2,"minecraft:iron_pickaxe":150,"minecraft:iron_helmet":1,"minecraft:iron_boots":1,"minecraft:stone_axe":34,"minecraft:cobblestone":41,"minecraft:furnace":5,"minecraft:andesite":1,"minecraft:cobbled_deepslate":27,"minecraft:iron_leggings":1},"minecraft:picked_up":{"minecraft:wooden_axe":1,"minecraft:birch_log":4,"minecraft:iron_chestplate":1,"minecraft:crafting_table":6,"minecraft:andesite":1,"minecraft:wooden_pickaxe":3,"minecraft:smoker":2,"minecraft:potato":2,"minecraft:flint":2,"minecraft:tuff":1,"minecraft:oak_log":5,"minecraft:gunpowder":4,"minecraft:dirt":7,"minecraft:iron_leggings":1,"minecraft:bone":6,"minecraft:wheat_seeds":1,"minecraft:cobbled_deepslate":63,"minecraft:iron_ingot":1,"minecraft:stone_pickaxe":1,"minecraft:azalea":3,"minecraft:iron_pickaxe":1,"minecraft:oak_planks":3,"minecraft:flowering_azalea":2,"minecraft:iron_boots":1,"minecraft:furnace":3,"minecraft:stick":2,"minecraft:raw_iron":71,"minecraft:blast_furnace":3,"minecraft:diorite":4,"minecraft:arrow":7,"minecraft:rotten_flesh":14,"minecraft:diamond":25,"minecraft:stone_axe":2,"minecraft:iron_helmet":1,"minecraft:bread":8,"minecraft:mutton":5,"minecraft:coal":121,"minecraft:cobblestone":93}},"DataVersion":3700}