{"stats":{"minecraft:killed_by":{"minecraft:spider":1},"minecraft:crafted":{"minecraft:oak_planks":248,"minecraft:barrel":11,"create:wrench":1,"create:steam_engine":1,"minecraft:flint_and_steel":1,"create:vertical_gearbox":1,"minecraft:glass":2,"create:mechanical_press":1,"create:fluid_tank":10,"minecraft:chest":2,"minecraft:copper_block":1,"create:cogwheel":13,"create:analog_lever":1,"minecraft:cooked_beef":19,"minecraft:oak_slab":66,"create:andesite_alloy":69,"create:hand_crank":1,"create:fluid_pipe":12,"create:goggles":1,"create:zinc_nugget":351,"create:large_water_wheel":1,"minecraft:copper_ingot":168,"minecraft:bucket":2,"minecraft:campfire":6,"minecraft:air":0,"create:gearbox":2,"create:water_wheel":1,"minecraft:stick":20,"create:mechanical_pump":1,"minecraft:iron_pickaxe":1,"minecraft:iron_ingot":9,"create:large_cogwheel":4,"create:shaft":128,"create:zinc_ingot":106},"minecraft:custom":{"minecraft:mob_kills":16,"minecraft:interact_with_crafting_table":47,"minecraft:leave_game":1,"minecraft:time_since_death":216870,"minecraft:sprint_one_cm":328012,"minecraft:walk_one_cm":551755,"minecraft:damage_blocked_by_shield":180,"minecraft:drop":88,"minecraft:talked_to_villager":3,"minecraft:play_time":316923,"minecraft:deaths":1,"minecraft:sneak_time":7781,"minecraft:walk_under_water_one_cm":9636,"minecraft:jump":2671,"minecraft:interact_with_blast_furnace":35,"minecraft:walk_on_water_one_cm":42358,"minecraft:total_world_time":316923,"minecraft:interact_with_furnace":15,"minecraft:interact_with_stonecutter":2,"minecraft:sleep_in_bed":24,"minecraft:time_since_rest":16830,"minecraft:damage_taken":1429,"minecraft:damage_dealt":3484,"minecraft:swim_one_cm":3850,"minecraft:fly_one_cm":640250,"minecraft:open_chest":166,"minecraft:crouch_one_cm":22365,"minecraft:interact_with_smoker":13,"minecraft:fall_one_cm":57157},"minecraft:used":{"create:framed_glass":25,"create:weighted_ejector":2,"minecraft:flint_and_steel":3,"minecraft:chest":8,"minecraft:shield":5,"minecraft:white_terracotta":1,"minecraft:iron_sword":76,"create:analog_lever":2,"create:fluid_tank":34,"create:mechanical_pump":15,"minecraft:dirt":33,"create:white_sail":37,"create:cogwheel":6,"minecraft:deepslate_brick_slab":1,"create:depot":4,"minecraft:obsidian":12,"minecraft:glass":25,"minecraft:lava_bucket":164,"create:wrench":4,"minecraft:iron_axe":168,"minecraft:iron_block":3,"create:gearbox":10,"minecraft:grass_block":26,"create:rotation_speed_controller":1,"minecraft:bow":2,"create:steam_engine":9,"create:shaft":71,"minecraft:furnace":1,"minecraft:oak_sapling":6,"create:fluid_pipe":91,"minecraft:cooked_beef":4,"create:belt_connector":4,"minecraft:pointed_dripstone":50,"minecraft:water_bucket":33,"minecraft:diamond_boots":1,"minecraft:oak_planks":2,"minecraft:ender_pearl":3,"minecraft:cauldron":66,"minecraft:deepslate_bricks":11,"create:blaze_burner":10,"create:spout":4,"create:brass_funnel":10,"minecraft:oak_slab":7,"minecraft:blast_furnace":2,"minecraft:campfire":15,"minecraft:dripstone_block":55,"minecraft:oak_log":12,"create:mechanical_press":1,"create:windmill_bearing":2,"minecraft:bread":30,"minecraft:iron_pickaxe":338,"create:mechanical_arm":117,"create:andesite_casing":194,"minecraft:gravel":5,"create:large_water_wheel":1,"minecraft:cobblestone":4,"minecraft:andesite":46,"minecraft:bucket":32,"minecraft:yellow_bed":5,"create:hand_crank":8,"minecraft:stripped_oak_log":8,"create:vertical_gearbox":17,"create:large_cogwheel":24},"minecraft:killed":{"minecraft:spider":2,"minecraft:skeleton":3,"minecraft:zombie_villager":1,"minecraft:zombie":5,"minecraft:cow":2,"minecraft:enderman":3},"minecraft:picked_up":{"minecraft:charcoal":20,"create:copper_sheet":42,"minecraft:iron_chestplate":1,"minecraft:chicken":6,"minecraft:enchanted_book":3,"minecraft:shield":2,"minecraft:string":6,"create:fluid_pipe":26,"minecraft:raw_copper":336,"minecraft:iron_axe":1,"minecraft:iron_leggings":1,"minecraft:diamond_leggings":2,"minecraft:cobbled_deepslate":19,"create:mechanical_press":1,"minecraft:bucket":29,"create:brass_funnel":2,"minecraft:beef":6,"minecraft:iron_pickaxe":1,"minecraft:chest":3,"minecraft:iron_boots":1,"minecraft:furnace":1,"minecraft:stick":17,"create:golden_sheet":18,"minecraft:copper_ingot":90,"create:andesite_casing":25,"create:hand_crank":8,"minecraft:cauldron":4,"create:zinc_ingot":3,"create:steam_engine":5,"create:vertical_gearbox":12,"create:large_cogwheel":17,"minecraft:diamond_chestplate":2,"minecraft:arrow":7,"minecraft:rotten_flesh":17,"minecraft:deepslate_bricks":21,"minecraft:diamond_boots":2,"minecraft:iron_block":3,"create:depot":1,"minecraft:gold_ingot":2,"minecraft:white_terracotta":2,"minecraft:mutton":7,"minecraft:cobblestone":5,"minecraft:stripped_oak_log":26,"create:iron_sheet":1,"minecraft:cooked_beef":19,"create:fluid_tank":14,"minecraft:water_bucket":1,"minecraft:andesite":179,"minecraft:leather":12,"minecraft:flint":1,"create:andesite_alloy":11,"create:raw_zinc":256,"minecraft:oak_log":76,"minecraft:yellow_bed":6,"minecraft:gunpowder":1,"minecraft:lapis_lazuli":16,"minecraft:dirt":44,"minecraft:name_tag":1,"minecraft:bone":8,"minecraft:apple":1,"minecraft:bow":1,"minecraft:wheat_seeds":11,"minecraft:deepslate_brick_slab":3,"create:analog_lever":2,"minecraft:iron_ingot":4,"create:goggles":1,"create:shaft":120,"minecraft:diamond_helmet":2,"minecraft:oak_planks":67,"minecraft:iron_sword":1,"minecraft:oak_slab":7,"create:large_water_wheel":1,"create:cogwheel":5,"minecraft:lava_bucket":8,"minecraft:gravel":5,"minecraft:sand":2,"minecraft:blast_furnace":2,"minecraft:spider_eye":3,"create:gearbox":9,"create:weighted_ejector":2,"create:mechanical_pump":7,"minecraft:iron_helmet":1,"minecraft:bread":20,"minecraft:emerald":2,"minecraft:oak_sapling":12,"minecraft:coal":61,"minecraft:ender_pearl":10},"minecraft:dropped":{"minecraft:water_bucket":1,"create:steam_engine":1,"minecraft:iron_ingot":9,"create:vertical_gearbox":2,"minecraft:wheat_seeds":3,"minecraft:cooked_beef":9,"minecraft:oak_log":3,"minecraft:ender_pearl":2,"create:cogwheel":3,"create:fluid_tank":5,"minecraft:copper_ingot":182,"create:large_water_wheel":1,"minecraft:grass_block":1,"minecraft:stick":4,"create:andesite_casing":9,"minecraft:lava_bucket":1,"create:fluid_pipe":13,"create:goggles":1,"create:large_cogwheel":2,"minecraft:gold_ingot":18,"create:shaft":133,"minecraft:oak_planks":158,"create:copper_sheet":16,"minecraft:deepslate_bricks":1,"create:zinc_ingot":2,"create:gearbox":3,"create:hand_crank":2,"minecraft:yellow_bed":1,"create:wrench":1,"create:andesite_alloy":7},"minecraft:mined":{"create:zinc_ore":23,"create:deepslate_zinc_ore":34,"minecraft:white_bed":3,"create:andesite_casing":18,"create:fluid_tank":13,"minecraft:grass_block":24,"create:large_cogwheel":15,"create:depot":1,"minecraft:deepslate_bricks":16,"create:powered_shaft":4,"create:weighted_ejector":2,"minecraft:deepslate_brick_slab":2,"create:shaft":21,"minecraft:cobbled_deepslate":3,"minecraft:andesite":120,"minecraft:deepslate_lapis_ore":1,"minecraft:stripped_oak_log":24,"minecraft:stone":5,"minecraft:iron_block":3,"create:mechanical_press":2,"create:analog_lever":2,"minecraft:oak_slab":7,"create:cogwheel":3,"create:steam_engine":3,"create:fluid_pipe":18,"create:mechanical_pump":6,"minecraft:blast_furnace":1,"minecraft:chest":4,"minecraft:campfire":9,"minecraft:copper_ore":8,"minecraft:oak_planks":3,"minecraft:deepslate_copper_ore":7,"create:gearbox":18,"minecraft:yellow_bed":3,"minecraft:grass":7,"minecraft:oak_log":76,"create:hand_crank":6,"minecraft:gravel":6,"minecraft:sand":2,"minecraft:dirt":5,"minecraft:oak_leaves":11,"minecraft:deepslate":1,"create:brass_funnel":2}},"DataVersion":3465}