{"stats":{"minecraft:used":{"camera:image_frame":3,"create:framed_glass":25,"create:weighted_ejector":2,"minecraft:flint_and_steel":3,"minecraft:poppy":1,"minecraft:chest":10,"minecraft:shield":5,"minecraft:white_terracotta":1,"minecraft:iron_sword":82,"minecraft:netherrack":24,"create:analog_lever":2,"minecraft:torch":2,"create:fluid_tank":34,"create:mechanical_pump":15,"minecraft:dirt":33,"create:white_sail":37,"create:cogwheel":6,"minecraft:deepslate_brick_slab":1,"create:depot":4,"minecraft:oak_fence_gate":1,"minecraft:obsidian":12,"minecraft:glass":25,"minecraft:lava_bucket":172,"create:gearbox":10,"create:wrench":4,"minecraft:iron_block":3,"minecraft:iron_axe":261,"minecraft:grass_block":38,"create:rotation_speed_controller":1,"minecraft:bow":2,"create:shaft":74,"create:steam_engine":9,"minecraft:oak_sapling":6,"minecraft:furnace":1,"create:fluid_pipe":91,"minecraft:cooked_beef":4,"create:belt_connector":4,"minecraft:pointed_dripstone":50,"minecraft:water_bucket":52,"minecraft:diamond_boots":1,"minecraft:oak_planks":3,"minecraft:ender_pearl":3,"minecraft:cauldron":66,"minecraft:deepslate_bricks":11,"create:blaze_burner":10,"create:spout":4,"minecraft:oak_slab":7,"create:brass_funnel":10,"minecraft:blast_furnace":2,"minecraft:campfire":15,"minecraft:dripstone_block":55,"minecraft:oak_log":12,"minecraft:diamond_pickaxe":1129,"create:mechanical_press":1,"create:windmill_bearing":2,"minecraft:bread":42,"minecraft:iron_pickaxe":354,"minecraft:lectern":91,"create:mechanical_arm":117,"minecraft:gravel":5,"create:andesite_casing":194,"create:large_water_wheel":1,"minecraft:cobblestone":4,"minecraft:andesite":46,"minecraft:bucket":58,"minecraft:yellow_bed":5,"minecraft:oak_boat":1,"create:hand_crank":8,"minecraft:stripped_oak_log":8,"create:vertical_gearbox":17,"create:large_cogwheel":24},"minecraft:killed":{"minecraft:spider":2,"minecraft:skeleton":3,"minecraft:zombie_villager":1,"minecraft:iron_golem":1,"minecraft:zombie":6,"minecraft:cow":2,"minecraft:enderman":3},"minecraft:crafted":{"minecraft:oak_planks":248,"minecraft:barrel":11,"create:wrench":1,"create:steam_engine":1,"minecraft:flint_and_steel":1,"create:vertical_gearbox":1,"minecraft:glass":2,"create:mechanical_press":1,"create:fluid_tank":10,"minecraft:chest":3,"minecraft:copper_block":1,"minecraft:netherite_scrap":21,"create:cogwheel":13,"create:analog_lever":1,"minecraft:cooked_beef":19,"minecraft:oak_slab":66,"create:andesite_alloy":69,"create:hand_crank":1,"create:fluid_pipe":12,"create:goggles":1,"create:large_water_wheel":1,"create:zinc_nugget":351,"minecraft:copper_ingot":168,"minecraft:bucket":2,"minecraft:campfire":6,"minecraft:enchanted_book":1,"minecraft:air":0,"create:gearbox":2,"minecraft:paper":9,"create:water_wheel":1,"camera:camera":1,"minecraft:stick":20,"minecraft:iron_pickaxe":1,"minecraft:iron_ingot":18,"create:mechanical_pump":1,"create:large_cogwheel":4,"camera:image_frame":1,"minecraft:netherite_ingot":5,"create:shaft":128,"create:zinc_ingot":106},"minecraft:mined":{"create:zinc_ore":23,"create:deepslate_zinc_ore":34,"minecraft:white_bed":3,"create:andesite_casing":18,"create:fluid_tank":13,"minecraft:grass_block":24,"create:large_cogwheel":15,"create:depot":1,"minecraft:deepslate_bricks":16,"create:powered_shaft":4,"create:weighted_ejector":2,"minecraft:deepslate_brick_slab":2,"minecraft:magma_block":12,"create:shaft":24,"minecraft:cobbled_deepslate":3,"minecraft:andesite":120,"minecraft:deepslate_lapis_ore":1,"minecraft:oak_stairs":1,"minecraft:stripped_oak_log":24,"minecraft:stone":5,"minecraft:iron_block":3,"create:mechanical_press":2,"create:analog_lever":2,"minecraft:oak_slab":7,"create:cogwheel":3,"minecraft:blackstone":33,"create:steam_engine":3,"create:fluid_pipe":18,"create:mechanical_pump":6,"minecraft:blast_furnace":1,"minecraft:chest":5,"minecraft:lectern":90,"minecraft:campfire":9,"minecraft:nether_quartz_ore":8,"minecraft:copper_ore":8,"minecraft:sugar_cane":3,"minecraft:oak_planks":5,"minecraft:wall_torch":4,"minecraft:deepslate_copper_ore":7,"create:gearbox":18,"minecraft:yellow_bed":3,"minecraft:grass":23,"minecraft:oak_log":76,"create:hand_crank":6,"minecraft:gravel":12,"minecraft:sand":2,"minecraft:dirt":5,"minecraft:ancient_debris":21,"minecraft:netherrack":1049,"minecraft:oak_leaves":11,"minecraft:deepslate":1,"minecraft:nether_gold_ore":13,"create:brass_funnel":2},"minecraft:custom":{"minecraft:mob_kills":18,"minecraft:interact_with_crafting_table":57,"minecraft:leave_game":2,"minecraft:time_since_death":309481,"minecraft:sprint_one_cm":454124,"minecraft:walk_one_cm":763449,"minecraft:damage_blocked_by_shield":180,"minecraft:drop":97,"minecraft:talked_to_villager":126,"minecraft:play_time":409534,"minecraft:sneak_time":8966,"minecraft:deaths":1,"minecraft:walk_under_water_one_cm":10322,"minecraft:boat_one_cm":51597,"minecraft:jump":3676,"minecraft:interact_with_blast_furnace":39,"minecraft:walk_on_water_one_cm":57460,"minecraft:total_world_time":409534,"minecraft:interact_with_furnace":15,"minecraft:traded_with_villager":1,"minecraft:interact_with_stonecutter":2,"minecraft:sleep_in_bed":32,"minecraft:time_since_rest":6602,"minecraft:damage_taken":1689,"minecraft:damage_dealt":3793,"minecraft:swim_one_cm":11765,"minecraft:fly_one_cm":848468,"minecraft:open_chest":198,"minecraft:crouch_one_cm":24197,"minecraft:interact_with_smoker":14,"minecraft:fall_one_cm":66561},"minecraft:killed_by":{"minecraft:spider":1},"minecraft:dropped":{"minecraft:water_bucket":1,"create:steam_engine":2,"minecraft:iron_ingot":9,"create:vertical_gearbox":2,"minecraft:wheat_seeds":11,"minecraft:cooked_beef":9,"minecraft:oak_log":3,"minecraft:ender_pearl":2,"create:cogwheel":3,"create:fluid_tank":5,"minecraft:copper_ingot":182,"create:large_water_wheel":1,"minecraft:grass_block":1,"minecraft:stick":4,"create:andesite_casing":9,"minecraft:lava_bucket":1,"minecraft:dirt":1,"create:fluid_pipe":13,"create:goggles":2,"create:large_cogwheel":2,"minecraft:paper":8,"minecraft:gold_ingot":19,"create:shaft":133,"minecraft:oak_planks":158,"create:copper_sheet":16,"minecraft:deepslate_bricks":1,"create:zinc_ingot":2,"create:gearbox":3,"minecraft:yellow_bed":1,"create:wrench":1,"create:hand_crank":2,"minecraft:netherrack":69,"create:andesite_alloy":7},"minecraft:picked_up":{"minecraft:charcoal":20,"create:copper_sheet":42,"minecraft:iron_chestplate":1,"minecraft:chicken":6,"minecraft:oak_stairs":1,"minecraft:enchanted_book":3,"minecraft:shield":2,"minecraft:string":6,"create:fluid_pipe":26,"minecraft:raw_copper":336,"minecraft:iron_axe":2,"camera:image_frame":2,"minecraft:iron_leggings":1,"minecraft:cobbled_deepslate":19,"minecraft:diamond_leggings":2,"create:mechanical_press":1,"minecraft:bucket":29,"create:brass_funnel":2,"minecraft:beef":6,"minecraft:oak_boat":1,"minecraft:poppy":1,"minecraft:iron_pickaxe":1,"minecraft:lectern":91,"minecraft:sugar_cane":9,"minecraft:chest":4,"minecraft:furnace":1,"minecraft:iron_boots":1,"minecraft:stick":17,"create:golden_sheet":18,"minecraft:copper_ingot":90,"minecraft:torch":4,"create:andesite_casing":25,"create:hand_crank":8,"create:steam_engine":5,"create:zinc_ingot":3,"minecraft:cauldron":4,"create:vertical_gearbox":12,"create:large_cogwheel":17,"minecraft:arrow":7,"minecraft:rotten_flesh":17,"minecraft:diamond_chestplate":2,"minecraft:diamond_boots":2,"minecraft:deepslate_bricks":21,"minecraft:iron_block":3,"create:depot":1,"minecraft:gold_ingot":2,"minecraft:white_terracotta":2,"minecraft:mutton":7,"minecraft:cobblestone":5,"minecraft:stripped_oak_log":26,"minecraft:magma_block":12,"create:iron_sheet":1,"minecraft:cooked_beef":19,"create:fluid_tank":14,"minecraft:water_bucket":2,"minecraft:andesite":179,"minecraft:leather":12,"minecraft:flint":1,"create:raw_zinc":256,"minecraft:oak_log":76,"create:andesite_alloy":11,"minecraft:ancient_debris":21,"minecraft:yellow_bed":6,"minecraft:gunpowder":1,"minecraft:lapis_lazuli":16,"minecraft:dirt":46,"minecraft:name_tag":1,"minecraft:bone":8,"minecraft:apple":1,"minecraft:bow":1,"minecraft:wheat_seeds":19,"minecraft:deepslate_brick_slab":3,"minecraft:oak_fence_gate":1,"create:analog_lever":2,"minecraft:iron_ingot":8,"create:goggles":1,"create:shaft":123,"minecraft:diamond_helmet":2,"camera:image":1,"minecraft:iron_sword":1,"minecraft:oak_planks":69,"minecraft:book":2,"minecraft:oak_slab":7,"create:large_water_wheel":1,"create:cogwheel":5,"minecraft:quartz":8,"minecraft:gravel":11,"minecraft:lava_bucket":12,"minecraft:sand":2,"minecraft:blast_furnace":2,"minecraft:spider_eye":3,"create:gearbox":9,"create:weighted_ejector":2,"create:mechanical_pump":7,"minecraft:iron_helmet":1,"minecraft:emerald":2,"minecraft:bread":20,"minecraft:netherrack":139,"minecraft:oak_sapling":12,"minecraft:coal":61,"minecraft:ender_pearl":10}},"DataVersion":3465}