{"stats":{"minecraft:killed_by":{"minecraft:skeleton":1},"minecraft:picked_up":{"minecraft:wooden_axe":1,"minecraft:crafting_table":6,"minecraft:azure_bluet":1,"minecraft:wooden_pickaxe":1,"minecraft:brewing_stand":2,"minecraft:shield":1,"minecraft:cornflower":3,"minecraft:string":10,"minecraft:raw_copper":10,"minecraft:deepslate_tiles":4,"minecraft:cobbled_deepslate":13,"minecraft:beef":28,"minecraft:poppy":2,"minecraft:light_gray_wool":1,"minecraft:lectern":39,"minecraft:egg":14,"minecraft:furnace":6,"minecraft:raw_iron":117,"minecraft:stick":7,"minecraft:arrow":15,"minecraft:rotten_flesh":18,"minecraft:deepslate_bricks":83,"minecraft:deepslate_brick_stairs":20,"minecraft:mutton":14,"minecraft:white_wool":9,"minecraft:cobblestone":104,"minecraft:cooked_beef":3,"minecraft:brown_wool":1,"minecraft:leather":12,"minecraft:smoker":3,"minecraft:potato":1,"minecraft:tuff":1,"minecraft:oak_log":11,"minecraft:yellow_bed":4,"minecraft:gunpowder":3,"minecraft:lapis_lazuli":44,"minecraft:dirt":44,"minecraft:bone":13,"minecraft:apple":1,"minecraft:stonecutter":4,"minecraft:deepslate_brick_slab":2,"minecraft:wheat_seeds":33,"minecraft:raw_gold":27,"minecraft:stone_pickaxe":3,"minecraft:iron_ingot":13,"minecraft:moss_block":1,"minecraft:oak_planks":22,"minecraft:dandelion":4,"minecraft:blast_furnace":6,"minecraft:white_bed":25,"minecraft:grass_block":3,"minecraft:spider_eye":9,"minecraft:diamond":27,"minecraft:stone_axe":3,"minecraft:bread":3,"minecraft:oak_sapling":5,"minecraft:coal":166,"minecraft:ender_pearl":6},"minecraft:custom":{"minecraft:mob_kills":59,"minecraft:interact_with_crafting_table":26,"minecraft:leave_game":6,"minecraft:time_since_death":168001,"minecraft:climb_one_cm":1266,"minecraft:sprint_one_cm":334705,"minecraft:walk_one_cm":459800,"minecraft:damage_blocked_by_shield":942,"minecraft:drop":33,"minecraft:talked_to_villager":83,"minecraft:play_time":211018,"minecraft:deaths":1,"minecraft:sneak_time":6566,"minecraft:walk_under_water_one_cm":1546,"minecraft:jump":4469,"minecraft:interact_with_blast_furnace":34,"minecraft:walk_on_water_one_cm":18243,"minecraft:total_world_time":211018,"minecraft:interact_with_furnace":23,"minecraft:traded_with_villager":3,"minecraft:interact_with_stonecutter":2,"minecraft:sleep_in_bed":12,"minecraft:time_since_rest":6987,"minecraft:damage_taken":2083,"minecraft:damage_dealt":11399,"minecraft:swim_one_cm":3537,"minecraft:fly_one_cm":864488,"minecraft:open_chest":37,"minecraft:crouch_one_cm":28004,"minecraft:interact_with_smoker":23,"minecraft:fall_one_cm":125488},"minecraft:dropped":{"minecraft:bread":8,"minecraft:iron_sword":1,"minecraft:moss_block":1,"minecraft:wheat_seeds":3,"minecraft:cooked_beef":2,"minecraft:iron_helmet":1,"minecraft:cobblestone":57,"minecraft:cornflower":3,"minecraft:mutton":5,"minecraft:wooden_axe":1,"minecraft:iron_leggings":1,"minecraft:stonecutter":1,"minecraft:string":2,"minecraft:wheat":448,"minecraft:rotten_flesh":4,"minecraft:oak_planks":16,"minecraft:iron_boots":1,"minecraft:azure_bluet":1,"minecraft:white_bed":1,"minecraft:deepslate_bricks":62,"minecraft:gunpowder":2,"minecraft:iron_chestplate":1,"minecraft:spider_eye":1,"minecraft:wooden_pickaxe":1},"minecraft:killed":{"minecraft:spider":6,"minecraft:skeleton":8,"minecraft:zombie_villager":1,"minecraft:iron_golem":1,"minecraft:creeper":1,"minecraft:sheep":7,"minecraft:zombie":15,"minecraft:villager":1,"minecraft:enderman":4,"minecraft:cow":13},"minecraft:used":{"minecraft:poppy":1,"minecraft:chest":2,"minecraft:shield":25,"minecraft:iron_sword":173,"minecraft:rotten_flesh":4,"minecraft:iron_chestplate":1,"minecraft:dirt":40,"minecraft:deepslate_brick_slab":4,"minecraft:tuff":1,"minecraft:wooden_axe":11,"minecraft:beef":4,"minecraft:oak_sapling":5,"minecraft:furnace":3,"minecraft:egg":14,"minecraft:cooked_beef":19,"minecraft:cobbled_deepslate":8,"minecraft:water_bucket":39,"minecraft:stone_pickaxe":102,"minecraft:oak_planks":4,"minecraft:wooden_pickaxe":4,"minecraft:stonecutter":3,"minecraft:deepslate_bricks":177,"minecraft:white_wool":1,"minecraft:crafting_table":8,"minecraft:blast_furnace":5,"minecraft:white_bed":25,"minecraft:smoker":2,"minecraft:deepslate_brick_stairs":32,"minecraft:deepslate_tiles":4,"minecraft:bread":16,"minecraft:iron_pickaxe":143,"minecraft:lectern":42,"minecraft:stone_axe":76,"minecraft:cobblestone":19,"minecraft:bucket":40,"minecraft:yellow_bed":4},"minecraft:crafted":{"minecraft:oak_planks":44,"minecraft:smooth_stone":3,"minecraft:furnace":1,"minecraft:blast_furnace":1,"minecraft:stone":3,"minecraft:deepslate_brick_stairs":12,"minecraft:iron_boots":2,"minecraft:polished_deepslate":256,"minecraft:stone_pickaxe":1,"minecraft:chest":2,"minecraft:cooked_beef":21,"minecraft:crafting_table":2,"minecraft:wooden_pickaxe":1,"minecraft:iron_helmet":2,"minecraft:iron_sword":1,"minecraft:deepslate_brick_slab":6,"minecraft:bucket":1,"minecraft:stone_axe":1,"minecraft:deepslate_tiles":4,"minecraft:enchanted_book":3,"minecraft:air":0,"minecraft:iron_chestplate":2,"minecraft:shield":1,"minecraft:stick":12,"minecraft:iron_ingot":122,"minecraft:iron_pickaxe":1,"minecraft:wooden_axe":1,"minecraft:iron_leggings":2,"minecraft:gold_ingot":27,"minecraft:deepslate_bricks":256},"minecraft:mined":{"minecraft:deepslate_tiles":4,"minecraft:tuff":1,"minecraft:white_bed":24,"minecraft:deepslate_diamond_ore":8,"minecraft:brewing_stand":2,"minecraft:grass_block":1,"minecraft:deepslate_bricks":21,"minecraft:moss_block":1,"minecraft:spawner":1,"minecraft:deepslate_brick_slab":2,"minecraft:furnace":5,"minecraft:iron_ore":6,"minecraft:deepslate_lapis_ore":4,"minecraft:deepslate_iron_ore":38,"minecraft:deepslate_brick_stairs":20,"minecraft:stone":74,"minecraft:smoker":3,"minecraft:dandelion":1,"minecraft:crafting_table":5,"minecraft:short_grass":106,"minecraft:blast_furnace":6,"minecraft:lectern":39,"minecraft:tall_grass":15,"minecraft:copper_ore":1,"minecraft:cobblestone":1,"minecraft:deepslate_gold_ore":19,"minecraft:oak_planks":2,"minecraft:yellow_bed":4,"minecraft:oak_log":11,"minecraft:coal_ore":8,"minecraft:dirt":4,"minecraft:stonecutter":4,"minecraft:oak_leaves":2,"minecraft:deepslate":11}},"DataVersion":3700}