{"stats":{"minecraft:mined":{"minecraft:grass":2},"minecraft:custom":{"minecraft:jump":99,"minecraft:time_since_rest":9767,"minecraft:leave_game":1,"minecraft:crouch_one_cm":596,"minecraft:walk_on_water_one_cm":5304,"minecraft:sprint_one_cm":9209,"minecraft:play_time":9767,"minecraft:damage_taken":160,"minecraft:time_since_death":9767,"minecraft:walk_one_cm":10820,"minecraft:sneak_time":544,"minecraft:total_world_time":9767,"minecraft:walk_under_water_one_cm":1960,"minecraft:swim_one_cm":3533,"minecraft:fall_one_cm":2710,"minecraft:fly_one_cm":101050}},"DataVersion":3465}