{"stats":{"minecraft:killed":{"minecraft:sheep":2,"alexsmobs:bison":1,"minecraft:pig":4,"minecraft:cow":1},"minecraft:picked_up":{"minecraft:stick":2,"minecraft:crafting_table":2,"minecraft:leather":2,"alexsmobs:bison_fur":1,"minecraft:beef":9,"minecraft:porkchop":7,"minecraft:mutton":2,"minecraft:dark_oak_log":6,"minecraft:white_wool":2},"minecraft:mined":{"minecraft:grass":5,"minecraft:grass_block":1,"minecraft:dark_oak_log":7,"biomesoplenty:maple_leaves":1,"minecraft:crafting_table":2},"minecraft:custom":{"minecraft:play_time":31472,"minecraft:time_since_rest":31472,"minecraft:crouch_one_cm":1024,"minecraft:sprint_one_cm":38070,"minecraft:damage_taken":410,"minecraft:walk_one_cm":27236,"minecraft:sneak_time":784,"minecraft:walk_under_water_one_cm":4846,"minecraft:mob_kills":8,"minecraft:jump":428,"minecraft:damage_dealt":1263,"minecraft:leave_game":3,"minecraft:time_since_death":31472,"minecraft:walk_on_water_one_cm":6111,"minecraft:total_world_time":31472,"minecraft:swim_one_cm":5664,"minecraft:interact_with_crafting_table":2,"minecraft:fall_one_cm":8919,"minecraft:fly_one_cm":169247},"minecraft:used":{"minecraft:wooden_axe":11,"minecraft:wooden_sword":38,"minecraft:crafting_table":2,"minecraft:bread":7},"minecraft:crafted":{"minecraft:wooden_sword":1,"minecraft:dark_oak_planks":24,"minecraft:crafting_table":1,"minecraft:stick":4,"minecraft:wooden_pickaxe":1,"minecraft:wooden_axe":1}},"DataVersion":3465}