{"stats":{"minecraft:killed":{"minecraft:zombie_villager":1,"minecraft:spider":3,"minecraft:skeleton":3,"minecraft:sheep":4,"minecraft:zombie":11,"minecraft:cow":12},"minecraft:killed_by":{"minecraft:skeleton":1},"minecraft:mined":{"minecraft:deepslate_tiles":4,"minecraft:tuff":1,"minecraft:white_bed":22,"minecraft:deepslate_diamond_ore":8,"minecraft:smoker":1,"minecraft:dandelion":1,"minecraft:brewing_stand":2,"minecraft:crafting_table":5,"minecraft:short_grass":57,"minecraft:blast_furnace":2,"minecraft:grass_block":1,"minecraft:lectern":39,"minecraft:cobblestone":1,"minecraft:deepslate_bricks":20,"minecraft:tall_grass":5,"minecraft:copper_ore":1,"minecraft:deepslate_gold_ore":19,"minecraft:oak_planks":2,"minecraft:moss_block":1,"minecraft:spawner":1,"minecraft:deepslate_brick_slab":2,"minecraft:furnace":3,"minecraft:iron_ore":6,"minecraft:deepslate_lapis_ore":4,"minecraft:oak_log":6,"minecraft:coal_ore":8,"minecraft:deepslate_iron_ore":38,"minecraft:deepslate_brick_stairs":20,"minecraft:dirt":3,"minecraft:stone":74,"minecraft:deepslate":10},"minecraft:crafted":{"minecraft:cooked_beef":21,"minecraft:smooth_stone":3,"minecraft:oak_planks":24,"minecraft:crafting_table":1,"minecraft:wooden_pickaxe":1,"minecraft:iron_helmet":2,"minecraft:deepslate_brick_slab":6,"minecraft:iron_sword":1,"minecraft:furnace":1,"minecraft:blast_furnace":1,"minecraft:stone":3,"minecraft:deepslate_tiles":4,"minecraft:stone_axe":1,"minecraft:enchanted_book":3,"minecraft:air":0,"minecraft:deepslate_brick_stairs":12,"minecraft:iron_boots":2,"minecraft:iron_chestplate":2,"minecraft:polished_deepslate":256,"minecraft:shield":1,"minecraft:stick":12,"minecraft:iron_ingot":57,"minecraft:iron_pickaxe":1,"minecraft:stone_pickaxe":1,"minecraft:wooden_axe":1,"minecraft:iron_leggings":2,"minecraft:deepslate_bricks":256},"minecraft:dropped":{"minecraft:bread":8,"minecraft:moss_block":1,"minecraft:wheat_seeds":3,"minecraft:wheat":448,"minecraft:iron_helmet":1,"minecraft:cobblestone":57,"minecraft:rotten_flesh":4,"minecraft:iron_boots":1,"minecraft:white_bed":1,"minecraft:gunpowder":2,"minecraft:mutton":5,"minecraft:iron_chestplate":1,"minecraft:wooden_axe":1,"minecraft:iron_leggings":1,"minecraft:wooden_pickaxe":1,"minecraft:string":2},"minecraft:custom":{"minecraft:interact_with_furnace":23,"minecraft:mob_kills":36,"minecraft:traded_with_villager":3,"minecraft:interact_with_crafting_table":21,"minecraft:leave_game":5,"minecraft:time_since_death":95291,"minecraft:sleep_in_bed":6,"minecraft:climb_one_cm":216,"minecraft:time_since_rest":10896,"minecraft:sprint_one_cm":167483,"minecraft:damage_taken":1328,"minecraft:walk_one_cm":361774,"minecraft:damage_blocked_by_shield":407,"minecraft:drop":25,"minecraft:damage_dealt":5183,"minecraft:swim_one_cm":1959,"minecraft:talked_to_villager":64,"minecraft:fly_one_cm":342488,"minecraft:open_chest":4,"minecraft:crouch_one_cm":17280,"minecraft:play_time":138308,"minecraft:deaths":1,"minecraft:sneak_time":4940,"minecraft:walk_under_water_one_cm":965,"minecraft:jump":2321,"minecraft:interact_with_blast_furnace":25,"minecraft:walk_on_water_one_cm":2302,"minecraft:total_world_time":138308,"minecraft:interact_with_smoker":19,"minecraft:fall_one_cm":74986},"minecraft:used":{"minecraft:stone_pickaxe":102,"minecraft:oak_planks":4,"minecraft:wooden_pickaxe":4,"minecraft:shield":8,"minecraft:iron_sword":64,"minecraft:deepslate_bricks":174,"minecraft:rotten_flesh":4,"minecraft:iron_chestplate":1,"minecraft:white_wool":1,"minecraft:dirt":4,"minecraft:tuff":1,"minecraft:crafting_table":7,"minecraft:blast_furnace":3,"minecraft:white_bed":23,"minecraft:deepslate_brick_slab":4,"minecraft:smoker":1,"minecraft:deepslate_brick_stairs":32,"minecraft:deepslate_tiles":4,"minecraft:wooden_axe":11,"minecraft:bread":12,"minecraft:iron_pickaxe":128,"minecraft:lectern":42,"minecraft:stone_axe":65,"minecraft:cobblestone":19,"minecraft:beef":4,"minecraft:furnace":1,"minecraft:egg":7,"minecraft:cooked_beef":7,"minecraft:cobbled_deepslate":8},"minecraft:picked_up":{"minecraft:wooden_axe":1,"minecraft:crafting_table":6,"minecraft:cooked_beef":3,"minecraft:leather":10,"minecraft:wooden_pickaxe":1,"minecraft:smoker":1,"minecraft:potato":1,"minecraft:tuff":1,"minecraft:string":2,"minecraft:oak_log":6,"minecraft:brewing_stand":2,"minecraft:shield":1,"minecraft:gunpowder":2,"minecraft:lapis_lazuli":44,"minecraft:dirt":8,"minecraft:raw_copper":10,"minecraft:wheat_seeds":3,"minecraft:deepslate_tiles":4,"minecraft:deepslate_brick_slab":2,"minecraft:cobbled_deepslate":12,"minecraft:raw_gold":27,"minecraft:iron_ingot":7,"minecraft:beef":25,"minecraft:stone_pickaxe":3,"minecraft:lectern":39,"minecraft:moss_block":1,"minecraft:oak_planks":6,"minecraft:furnace":4,"minecraft:egg":7,"minecraft:raw_iron":117,"minecraft:dandelion":1,"minecraft:blast_furnace":1,"minecraft:white_bed":23,"minecraft:spider_eye":1,"minecraft:rotten_flesh":10,"minecraft:diamond":27,"minecraft:stone_axe":3,"minecraft:deepslate_bricks":20,"minecraft:bread":3,"minecraft:deepslate_brick_stairs":20,"minecraft:mutton":5,"minecraft:coal":56,"minecraft:white_wool":8,"minecraft:cobblestone":104}},"DataVersion":3700}