{"stats":{"minecraft:used":{"minecraft:oak_fence":13,"minecraft:water_bucket":2,"minecraft:lava_bucket":9,"minecraft:iron_axe":101,"minecraft:bread":5,"minecraft:oak_planks":7,"minecraft:iron_pickaxe":3,"minecraft:lectern":77,"minecraft:iron_sword":9,"minecraft:fletching_table":6,"create:mechanical_arm":1,"minecraft:crafting_table":2,"create:steam_engine":4,"minecraft:bucket":12,"minecraft:oak_boat":4,"minecraft:oak_fence_gate":3},"minecraft:killed":{"minecraft:iron_golem":2},"minecraft:crafted":{"minecraft:oak_boat":1,"minecraft:oak_planks":12,"minecraft:book":2,"create:steam_engine":1,"minecraft:iron_axe":2,"minecraft:crafting_table":2,"minecraft:iron_ingot":9,"minecraft:copper_block":1},"minecraft:mined":{"create:steam_engine":2,"minecraft:fletching_table":4,"minecraft:oak_fence":5,"minecraft:grass":5,"minecraft:oak_fence_gate":4,"minecraft:lectern":74,"minecraft:stripped_oak_log":3,"create:mechanical_arm":1,"minecraft:oak_planks":10},"minecraft:custom":{"minecraft:time_since_rest":1141,"minecraft:sprint_one_cm":65317,"minecraft:damage_taken":304,"minecraft:walk_one_cm":86571,"minecraft:mob_kills":2,"minecraft:drop":33,"minecraft:damage_dealt":732,"minecraft:talked_to_villager":126,"minecraft:interact_with_crafting_table":5,"minecraft:fly_one_cm":59896,"minecraft:open_chest":22,"minecraft:crouch_one_cm":1334,"minecraft:play_time":38362,"minecraft:sneak_time":741,"minecraft:boat_one_cm":56301,"minecraft:jump":363,"minecraft:leave_game":1,"minecraft:time_since_death":38362,"minecraft:walk_on_water_one_cm":5684,"minecraft:sleep_in_bed":3,"minecraft:interact_with_smoker":1,"minecraft:total_world_time":38362,"minecraft:fall_one_cm":4127},"minecraft:broken":{"minecraft:iron_axe":1},"minecraft:picked_up":{"minecraft:stripped_oak_log":3,"minecraft:oak_fence":5,"minecraft:paper":8,"create:steam_engine":3,"minecraft:iron_axe":1,"camera:image_frame":1,"minecraft:wheat_seeds":4,"minecraft:iron_ingot":17,"minecraft:oak_fence_gate":3,"minecraft:oak_boat":5,"create:goggles":1,"minecraft:fletching_table":4,"create:mechanical_arm":1,"minecraft:lectern":74,"camera:image":1,"minecraft:oak_planks":10},"minecraft:dropped":{"minecraft:water_bucket":1,"minecraft:lava_bucket":4,"minecraft:iron_ingot":16,"minecraft:wheat_seeds":4,"camera:image":1,"minecraft:book":2,"minecraft:oak_planks":2,"minecraft:iron_axe":2,"minecraft:lectern":1}},"DataVersion":3465}